Rank,Player,Pos,Team,ADP
1,Ja'Marr Chase,WR,CIN,1
2,Jahmyr Gibbs,RB,DET,2
3,Puka Nacua,WR,LAR,3
4,Bijan Robinson,RB,ATL,4
5,Jaxon Smith-Njigba,WR,SEA,5
6,Amon-Ra St. Brown,WR,DET,6
7,Christian McCaffrey,RB,SF,7
8,CeeDee Lamb,WR,DAL,8
9,Justin Jefferson,WR,MIN,9
10,A.J. Brown,WR,NE,10
11,Drake London,WR,ATL,11
12,Jonathan Taylor,RB,IND,12
13,Nico Collins,WR,HOU,13
14,George Pickens,WR,DAL,14
15,Chris Olave,WR,NO,15
16,Trey McBride,TE,ARI,16
17,Chase Brown,RB,CIN,17
18,James Cook III,RB,BUF,18
19,Brock Bowers,TE,LV,19
20,Malik Nabers,WR,NYG,20
21,Ashton Jeanty,RB,LV,21
22,De'Von Achane,RB,MIA,22
23,DeVonta Smith,WR,PHI,23
24,Omarion Hampton,RB,LAC,24
25,Josh Allen,QB,BUF,25
26,Rashee Rice,WR,KC,26
27,Kenneth Walker III,RB,KC,27
28,Lamar Jackson,QB,BAL,28
29,Zay Flowers,WR,BAL,29
30,Saquon Barkley,RB,PHI,30
31,Garrett Wilson,WR,NYJ,31
32,Jaylen Waddle,WR,DEN,32
33,Tetairoa McMillan,WR,CAR,33
34,Drake Maye,QB,NE,34
35,Ladd McConkey,WR,LAC,35
36,Colston Loveland,TE,CHI,36
37,Tee Higgins,WR,CIN,37
38,Derrick Henry,RB,BAL,38
39,Breece Hall,RB,NYJ,39
40,Kyren Williams,RB,LAR,40
41,Luther Burden III,WR,CHI,41
42,Emeka Egbuka,WR,TB,42
43,Javonte Williams,RB,DAL,43
44,Travis Etienne Jr.,RB,NO,44
45,Jameson Williams,WR,DET,45
46,Jeremiyah Love,RB,ARI,46
47,Joe Burrow,QB,CIN,47
48,D'Andre Swift,RB,CHI,48
49,Terry McLaurin,WR,WAS,49
50,Davante Adams,WR,LAR,50
51,Tyler Warren,TE,IND,51
52,Parker Washington,WR,JAC,52
53,DJ Moore,WR,BUF,53
54,Josh Jacobs,RB,GB,54
55,Jalen Hurts,QB,PHI,55
56,Jayden Daniels,QB,WAS,56
57,Christian Watson,WR,GB,57
58,Mike Evans,WR,SF,58
59,Bucky Irving,RB,TB,59
60,Rome Odunze,WR,CHI,60
61,Cam Skattebo,RB,NYG,61
62,Carnell Tate,WR,TEN,62
63,David Montgomery,RB,HOU,63
64,Caleb Williams,QB,CHI,64
65,Bhayshul Tuten,RB,JAC,65
66,Quinshon Judkins,RB,CLE,66
67,Marvin Harrison Jr.,WR,ARI,67
68,Dak Prescott,QB,DAL,68
69,Harold Fannin Jr.,TE,CLE,69
70,Jadarian Price,RB,SEA,70
71,Chris Godwin Jr.,WR,TB,71
72,Justin Herbert,QB,LAC,72
73,Trevor Lawrence,QB,JAC,73
74,TreVeyon Henderson,RB,NE,74
75,Michael Pittman Jr.,WR,PIT,75
76,Rhamondre Stevenson,RB,NE,76
77,Kyle Pitts Sr.,TE,ATL,77
78,Brian Thomas Jr.,WR,JAC,78
79,DK Metcalf,WR,PIT,79
80,Jonathon Brooks,RB,CAR,80
81,Jaylen Warren,RB,PIT,81
82,Wan'Dale Robinson,WR,TEN,82
83,Courtland Sutton,WR,DEN,83
84,Tucker Kraft,TE,GB,84
85,Michael Wilson,WR,ARI,85
86,Quentin Johnston,WR,LAC,86
87,Stefon Diggs,WR,WAS,87
88,Sam LaPorta,TE,DET,88
89,Rico Dowdle,RB,PIT,89
90,Tony Pollard,RB,TEN,90
91,J.K. Dobbins,RB,DEN,91
92,Jaxson Dart,QB,NYG,92
93,RJ Harvey,RB,DEN,93
94,Josh Downs,WR,IND,94
95,Jacory Croskey-Merritt,RB,WAS,95
96,Bo Nix,QB,DEN,96
97,Brock Purdy,QB,SF,97
98,Jordan Addison,WR,MIN,98
99,Kenny Gainwell,RB,TB,99
100,George Kittle,TE,SF,100
101,Travis Kelce,TE,KC,101
102,Alec Pierce,WR,IND,102
103,Jayden Reed,WR,GB,103
104,Dalton Kincaid,TE,BUF,104
105,Chuba Hubbard,RB,CAR,105
106,Jordan Mason,RB,MIN,106
107,Makai Lemon,WR,PHI,107
108,Kyler Murray,QB,MIN,108
109,Jared Goff,QB,DET,109
110,Patrick Mahomes II,QB,KC,110
111,Matthew Stafford,QB,LAR,111
112,Jordan Love,QB,GB,112
113,Jakobi Meyers,WR,JAC,113
114,Juwan Johnson,TE,NO,114
115,Blake Corum,RB,LAR,115
116,KC Concepcion,WR,CLE,116
117,Dallas Goedert,TE,PHI,117
118,Rachaad White,RB,WAS,118
119,Jalen Coker,WR,CAR,119
120,Khalil Shakir,WR,BUF,120
121,Kyle Monangai,RB,CHI,121
122,Tyler Shough,QB,NO,122
123,Baker Mayfield,QB,TB,123
124,Isaiah Likely,TE,NYG,124
125,Jake Ferguson,TE,DAL,125
126,De'Zhaun Stribling,WR,SF,126
127,Romeo Doubs,WR,NE,127
128,Tyjae Spears,RB,TEN,128
129,Matthew Golden,WR,GB,129
130,Xavier Worthy,WR,KC,130
131,Malik Willis,QB,MIA,131
132,Tyler Allgeier,RB,ARI,132
133,Deebo Samuel Sr.,WR,SF,133
134,Jordyn Tyson,WR,NO,134
135,Chris Rodriguez Jr.,RB,JAC,135
136,Aaron Jones Sr.,RB,MIN,136
137,Rashid Shaheed,WR,SEA,137
138,Woody Marks,RB,HOU,138
139,Sam Darnold,QB,SEA,139
140,C.J. Stroud,QB,HOU,140
141,Daniel Jones,QB,IND,141
142,Dylan Sampson,RB,CLE,142
143,Mark Andrews,TE,BAL,143
144,Keaton Mitchell,RB,LAC,144
145,Zach Charbonnet,RB,SEA,145
146,Tyrone Tracy Jr.,RB,NYG,146
147,Jonah Coleman,RB,DEN,147
148,Houston Texans,DST,HOU,148
149,MarShawn Lloyd,RB,GB,149
150,Cam Ward,QB,TEN,150
151,Brenton Strange,TE,JAC,151
152,Denzel Boston,WR,CLE,152
153,Tre Tucker,WR,LV,153
154,Chig Okonkwo,TE,WAS,154
155,Malik Washington,WR,MIA,155
156,Bryce Young,QB,CAR,156
157,Mike Washington Jr.,RB,LV,157
158,Denver Broncos,DST,DEN,158
159,Dalton Schultz,TE,HOU,159
160,Omar Cooper Jr.,WR,NYJ,160
161,Hunter Henry,TE,NE,161
162,Brian Robinson Jr.,RB,ATL,162
163,Seattle Seahawks,DST,SEA,163
164,Los Angeles Rams,DST,LAR,164
165,Tank Bigsby,RB,PHI,165
166,Jerry Jeudy,WR,CLE,166
167,Philadelphia Eagles,DST,PHI,167
168,Dontayvion Wicks,WR,PHI,168
169,Kimani Vidal,RB,LAC,169
170,Jauan Jennings,WR,MIN,170
171,Isiah Pacheco,RB,DET,171
172,Kayshon Boutte,WR,HOU,172
173,Alvin Kamara,RB,NO,173
174,Ryan Flournoy,WR,DAL,174
175,Travis Hunter,WR,JAC,175
176,Pat Bryant,WR,DEN,176
177,New England Patriots,DST,NE,177
178,Pittsburgh Steelers,DST,PIT,178
179,Minnesota Vikings,DST,MIN,179
180,T.J. Hockenson,TE,MIN,180
181,Jacksonville Jaguars,DST,JAC,181
182,Brandon Aubrey,K,DAL,182
183,Jalen Nailor,WR,LV,183
184,Los Angeles Chargers,DST,LAC,184
185,Adonai Mitchell,WR,NYJ,185
186,Calvin Ridley,WR,TEN,186
187,Braelon Allen,RB,NYJ,187
188,Ka'imi Fairbairn,K,HOU,188
189,Cameron Dicker,K,LAC,189
190,Baltimore Ravens,DST,BAL,190
191,Geno Smith,QB,NYJ,191
192,Tre' Harris,WR,LAC,192
193,Cam Little,K,JAC,193
194,Emmett Johnson,RB,KC,194
195,Jason Myers,K,SEA,195
196,Green Bay Packers,DST,GB,196
197,Jacoby Brissett,QB,ARI,197
198,Tyler Loop,K,BAL,198
199,Kansas City Chiefs,DST,KC,199
200,Keenan Allen,WR,IND,200
201,Tank Dell,WR,HOU,201
202,Jalen McMillan,WR,TB,202
203,Ray Davis,RB,BUF,203
204,Eddy Pineiro,K,SF,204
205,Terrance Ferguson,TE,LAR,205
206,Evan McPherson,K,CIN,206
207,Nicholas Singleton,RB,TEN,207
208,Sean Tucker,RB,TB,208
209,Buffalo Bills,DST,BUF,209
210,Cairo Santos,K,CHI,210
211,Germie Bernard,WR,PIT,211
212,Andy Borregales,K,NE,212
213,Cleveland Browns,DST,CLE,213
214,AJ Barner,TE,SEA,214
215,Chase McLaughlin,K,TB,215
216,Detroit Lions,DST,DET,216
217,Harrison Mevis,K,LAR,217
218,Aaron Rodgers,QB,PIT,218
219,George Holani,RB,SEA,219
220,Jake Bates,K,DET,220
221,Cooper Kupp,WR,SEA,221
222,Gunnar Helm,TE,TEN,222
223,Zachariah Branch,WR,ATL,223
224,Keon Coleman,WR,BUF,224
225,Troy Franklin,WR,DEN,225
226,Jaylin Noel,WR,HOU,226
227,Jaydon Blue,RB,DAL,227
228,Oronde Gadsden II,TE,LAC,228
229,Cyrus Allen,WR,KC,229
230,Cade Otton,TE,TB,230
231,Justice Hill,RB,BAL,231
232,Emanuel Wilson,RB,SEA,232
233,Pat Freiermuth,TE,PIT,233
234,James Conner,RB,ARI,234
235,Ja'Kobi Lane,WR,BAL,235
236,Kenyon Sadiq,TE,NYJ,236
237,Greg Dulcich,TE,MIA,237
238,Darnell Mooney,WR,NYG,238
239,Rashod Bateman,WR,BAL,239
240,LeQuint Allen Jr.,RB,JAC,240
241,Chris Boswell,K,PIT,241
242,Jack Bech,WR,LV,242
243,Harrison Butker,K,KC,243
244,Ty Johnson,RB,BUF,244
245,Kaytron Allen,RB,WAS,245
246,Kaelon Black,RB,SF,246
247,Ollie Gordon II,RB,MIA,247
248,San Francisco 49ers,DST,SF,248
249,Ted Hurst III,WR,TB,249
250,Darren Waller,TE,CAR,250
251,Tua Tagovailoa,QB,ATL,251
252,Elic Ayomanor,WR,TEN,252
253,Devaughn Vele,WR,NO,253
254,Caleb Douglas,WR,MIA,254
255,Chimere Dike,WR,TEN,255
256,Chris Brooks,RB,GB,256
257,Elijah Sarratt,WR,BAL,257
258,Colby Parkinson,TE,LAR,258
259,Jaylen Wright,RB,MIA,259
260,Evan Engram,TE,DEN,260
261,Isaac TeSlaa,WR,DET,261
262,David Njoku,TE,LAC,262
263,Jordan James,RB,SF,263
264,Samaje Perine,RB,CIN,264
265,Isaiah Davis,RB,NYJ,265
266,Najee Harris,RB,NYG,266
267,Antonio Williams,WR,WAS,267
268,Malachi Fields,WR,NYG,268
269,Fernando Mendoza,QB,LV,269
270,DJ Giddens,RB,IND,270
271,Marvin Mims Jr.,WR,DEN,271
272,Wil Lutz,K,DEN,272
273,Kyle Williams,WR,NE,273
274,Chris Bell,WR,MIA,274
275,New Orleans Saints,DST,NO,275
276,Tory Horton,WR,SEA,276
277,Seth McGowan,RB,IND,277
278,Devin Neal,RB,NO,278
279,Jake Tonges,TE,SF,279
280,Atlanta Falcons,DST,ATL,280
281,Charlie Smyth,K,NO,281
282,Demond Claiborne,RB,MIN,282
283,Michael Penix Jr.,QB,ATL,283
284,Tyquan Thornton,WR,KC,284
285,Will Reichard,K,MIN,285
286,Brashard Smith,RB,KC,286
287,Shedeur Sanders,QB,CLE,287
288,Theo Johnson,TE,NYG,288
289,Elijah Arroyo,TE,SEA,289
290,Malik Davis,RB,DAL,290
291,Mason Taylor,TE,NYJ,291
292,Cole Kmet,TE,CHI,292
293,Eli Stowers,TE,PHI,293
294,Mike Gesicki,TE,CIN,294
295,Kirk Cousins,QB,LV,295
296,Christian Kirk,WR,SF,296
297,Darius Slayton,WR,NYG,297
298,DeMario Douglas,WR,NE,298
299,Skyler Bell,WR,BUF,299
300,Hollywood Brown,WR,PHI,300
301,Charlie Kolar,TE,LAC,301
302,Kendre Miller,RB,NO,302
303,Xavier Legette,WR,CAR,303
304,Mack Hollins,WR,NE,304
305,Michael Mayer,TE,LV,305
306,Deshaun Watson,QB,CLE,306
307,Trey Benson,RB,ARI,307
308,Chicago Bears,DST,CHI,308
309,Jaleel McLaughlin,RB,DEN,309
310,Jerome Ford,RB,WAS,310
311,Xavier Hutchinson,WR,HOU,311
312,Indianapolis Colts,DST,IND,312
313,Isaac Guerendo,RB,SF,313
314,Andrei Iosivas,WR,CIN,314
315,Joshua Palmer,WR,BUF,315
316,Isaiah Bond,WR,CLE,316
317,Jarquez Hunter,RB,MIA,317
318,Adam Randall,RB,BAL,318
319,Oscar Delp,TE,NO,319
320,Brandon Aiyuk,WR,SF,320
321,Erick All Jr.,TE,CIN,321
322,Brenen Thompson,WR,LAC,322
323,Dawson Knox,TE,BUF,323
324,Carson Beck,QB,ARI,324
325,Darnell Washington,TE,PIT,325
326,Eli Raridon,TE,NE,326
327,Zane Gonzalez,K,FA,327
328,Tez Johnson,WR,TB,328
329,Kareem Hunt,RB,FA,329
330,Kendrick Bourne,WR,ARI,330
331,Tahj Brooks,RB,CIN,331
332,Emari Demercado,RB,KC,332
333,Devin Singletary,RB,NYG,333
334,Tyler Bass,K,BUF,334
335,Trevor Etienne,RB,CAR,335
336,Will Shipley,RB,PHI,336
337,Kaleb Johnson,RB,PIT,337
338,Tyler Higbee,TE,LAR,338
339,Audric Estime,RB,NO,339
340,Tyreek Hill,WR,FA,340
341,Bryce Lance,WR,NO,341
342,Konata Mumpfield,WR,LAR,342
343,Bam Knight,RB,ARI,343
344,Josh Williams,RB,TB,344
345,Joe Mixon,RB,FA,345
346,Mac Jones,QB,SF,346
347,Olamide Zaccheaus,WR,ATL,347
348,J.J. McCarthy,QB,MIN,348
349,Justin Fields,QB,KC,349
350,Cedric Tillman,WR,FA,350
351,Noah Gray,TE,KC,351
352,Joe Flacco,QB,CIN,352
353,Jalen Royals,WR,KC,353
354,Michael Carter,RB,TEN,354
355,Luke McCaffrey,WR,WAS,355
356,Jahan Dotson,WR,ATL,356
357,Jalen Tolbert,WR,MIA,357
358,Savion Williams,WR,GB,358
359,Jaylin Lane,WR,WAS,359
360,Treylon Burks,WR,WAS,360
361,CJ Daniels,WR,LAR,361
362,Mitchell Evans,TE,CAR,362
363,Max Klare,TE,LAR,363
364,Carolina Panthers,DST,CAR,364
365,Tanner Koziol,TE,JAC,365
366,Ty Simpson,QB,LAR,366
367,Justin Joly,TE,DEN,367
368,Jackson Hawes,TE,BUF,368
